{
  "tickets": [
    {
      "id": 1,
      "nome": "podyPary",
      "descricao": "evento que contem a presença de artistas como kyan e etc.",
      "local": "são paulo-SP",
      "valor": "300",
      "data": "2024-06-29",
      "tipo": "show"
    },
    {
      "id": 2,
      "nome": "vintage - Derek",
      "descricao": "evento que contem a presença de um grande nome da cena do trap",
      "local": "taboão-SP",
      "valor": "60",
      "data": "2024-07-14",
      "tipo": "exposição"
    },
    {
      "id": 3,
      "nome": "Bruno mars",
      "descricao": "grande nome da cultura pop, presente em nosso país",
      "local": "são paulo-SP",
      "valor": "100",
      "data": "2024-08-17",
      "tipo": "esporte"
    }
  ]
}