{
  "users": [
    {
      "id": 1,
      "nome": "danilo",
      "sobrenome": "Oliveira",
      "documento": "rg",
      "email": "danilo2006@gmail.com",
      "nDocumento": "67897678978",
      "genero": "masculino",
      "senha": "123456789",
      "telefone": "578987897",
      "nascimento": "2002-07-10",
      "pedidos": []
    },
    {
      "id": 2,
      "nome": "Otavio",
      "sobrenome": "Ramos",
      "documento": "cpf",
      "email": "otavioRamos@gmail.com",
      "nDocumento": "123456788",
      "genero": "masculino",
      "senha": "987654321",
      "telefone": "1234645576",
      "nascimento": "2004-06-06",
      "pedidos": [
        {
          "id": 1,
          "nome": "Plantão festival",
          "descricao": "O Plantão Festival é o primeiro festival de rap realizado em Fortaleza, que acontece no Marina Park Hotel. O evento conta com shows de grandes nomes do rap nacional como Matuê, Teto, WIU, Marcelo D2, L7nnon, entre outros. Ele contribui para o movimento cultural e turístico da cidade, atraindo fãs de várias regiões do país",
          "local": "cotia-SP",
          "valor": "150",
          "data": "2024-10-11",
          "tipo": "show",
          "quantidade": 3
        },
        {
          "id": 2,
          "nome": "Plantão festival",
          "descricao": "O Plantão Festival é o primeiro festival de rap realizado em Fortaleza, que acontece no Marina Park Hotel. O evento conta com shows de grandes nomes do rap nacional como Matuê, Teto, WIU, Marcelo D2, L7nnon, entre outros. Ele contribui para o movimento cultural e turístico da cidade, atraindo fãs de várias regiões do país",
          "local": "cotia-SP",
          "valor": "300",
          "data": "2024-10-11",
          "tipo": "exposição",
          "quantidade": 3
        }
      ]
    }
  ]
}